q,option,A,G,I_temp,R,E,I,S,N,T,F,J,P
1,a,0.75,0.55,0.45,0.45,0.56,0.44,0.591,0.409,0.5,0.5,0.452,0.548
1,b,0.4,0.65,0.65,0.6,0.458,0.542,0.457,0.543,0.489,0.511,0.556,0.444
2,a,0.5,0.55,0.3,0.4,0.551,0.449,0.6,0.4,0.531,0.469,0.524,0.476
2,b,0.4,0.45,0.7,0.8,0.43,0.57,0.362,0.638,0.522,0.478,0.518,0.482
3,a,0.2,0.35,0.85,0.8,0.361,0.639,0.25,0.75,0.488,0.512,0.535,0.465
3,b,0.8,0.75,0.25,0.25,0.632,0.368,0.756,0.244,0.5,0.5,0.487,0.513
4,a,0.65,0.85,0.35,0.45,0.567,0.433,0.652,0.348,0.523,0.477,0.552,0.448
4,b,0.4,0.4,0.75,0.75,0.424,0.576,0.348,0.652,0.5,0.5,0.5,0.5
5,a,0.35,0.85,0.4,0.55,0.496,0.504,0.558,0.442,0.535,0.465,0.635,0.365
5,b,0.55,0.5,0.75,0.45,0.477,0.523,0.467,0.533,0.428,0.572,0.467,0.533
6,a,0.4,0.85,0.4,0.45,0.515,0.485,0.595,0.405,0.512,0.488,0.617,0.383
6,b,0.75,0.4,0.45,0.3,0.573,0.427,0.605,0.395,0.454,0.546,0.39,0.61
7,a,0.8,0.5,0.35,0.35,0.598,0.402,0.65,0.35,0.5,0.5,0.421,0.579
7,b,0.4,0.7,0.6,0.6,0.467,0.533,0.478,0.522,0.5,0.5,0.57,0.43
8,a,0.75,0.55,0.65,0.5,0.523,0.477,0.531,0.469,0.466,0.534,0.447,0.553
8,b,0.45,0.8,0.45,0.45,0.514,0.486,0.581,0.419,0.5,0.5,0.587,0.413
9,a,0.4,0.75,0.4,0.7,0.49,0.51,0.511,0.489,0.569,0.431,0.604,0.396
9,b,0.3,0.35,0.8,0.9,0.386,0.614,0.277,0.723,0.522,0.478,0.519,0.481
10,a,0.85,0.65,0.3,0.35,0.615,0.385,0.698,0.302,0.513,0.487,0.455,0.545
10,b,0.25,0.3,0.85,0.9,0.366,0.634,0.239,0.761,0.511,0.489,0.516,0.484
11,a,0.35,0.4,0.35,0.85,0.455,0.545,0.385,0.615,0.635,0.365,0.554,0.446
11,b,0.3,0.65,0.85,0.6,0.416,0.584,0.396,0.604,0.447,0.553,0.564,0.436
12,a,0.3,0.8,0.35,0.45,0.5,0.5,0.579,0.421,0.527,0.473,0.648,0.352
12,b,0.35,0.35,0.85,0.65,0.404,0.596,0.318,0.682,0.452,0.548,0.486,0.514
13,a,0.85,0.8,0.4,0.35,0.595,0.405,0.688,0.312,0.488,0.512,0.486,0.514
13,b,0.4,0.45,0.8,0.6,0.43,0.57,0.378,0.622,0.453,0.547,0.498,0.502
14,a,0.75,0.65,0.35,0.4,0.585,0.415,0.651,0.349,0.513,0.487,0.479,0.521
14,b,0.5,0.45,0.8,0.7,0.445,0.555,0.388,0.612,0.478,0.522,0.482,0.518
15,a,0.8,0.65,0.5,0.45,0.56,0.44,0.604,0.396,0.488,0.512,0.464,0.536
15,b,0.45,0.8,0.65,0.6,0.475,0.525,0.5,0.5,0.49,0.51,0.572,0.428
16,a,0.4,0.45,0.3,0.85,0.479,0.521,0.425,0.575,0.645,0.355,0.556,0.444
16,b,0.35,0.35,0.85,0.7,0.402,0.598,0.311,0.689,0.465,0.535,0.489,0.511
17,a,0.3,0.4,0.35,0.85,0.442,0.558,0.368,0.632,0.637,0.363,0.57,0.43
17,b,0.3,0.3,0.9,0.75,0.38,0.62,0.267,0.733,0.465,0.535,0.489,0.511
18,a,0.35,0.4,0.85,0.75,0.404,0.596,0.319,0.681,0.478,0.522,0.505,0.495
18,b,0.4,0.85,0.45,0.35,0.515,0.485,0.61,0.39,0.475,0.525,0.609,0.391
19,a,0.55,0.75,0.5,0.4,0.527,0.473,0.591,0.409,0.476,0.524,0.541,0.459
19,b,0.4,0.4,0.85,0.7,0.417,0.583,0.34,0.66,0.466,0.534,0.49,0.51
20,a,0.8,0.7,0.35,0.35,0.598,0.402,0.682,0.318,0.5,0.5,0.476,0.524
20,b,0.35,0.35,0.9,0.75,0.396,0.604,0.298,0.702,0.467,0.533,0.49,0.51
21,a,0.35,0.85,0.45,0.55,0.488,0.512,0.545,0.455,0.523,0.477,0.628,0.372
21,b,0.4,0.4,0.85,0.75,0.414,0.586,0.333,0.667,0.478,0.522,0.493,0.507
22,a,0.8,0.5,0.5,0.4,0.562,0.438,0.591,0.409,0.474,0.526,0.421,0.579
22,b,0.35,0.8,0.45,0.35,0.502,0.498,0.59,0.41,0.474,0.526,0.615,0.385
23,a,0.9,0.6,0.25,0.3,0.64,0.36,0.732,0.268,0.514,0.486,0.428,0.572
23,b,0.25,0.35,0.85,0.8,0.374,0.626,0.267,0.733,0.489,0.511,0.521,0.479
24,a,0.25,0.35,0.85,0.8,0.374,0.626,0.267,0.733,0.489,0.511,0.521,0.479
24,b,0.8,0.6,0.3,0.25,0.621,0.379,0.718,0.282,0.485,0.515,0.443,0.557
25,a,0.7,0.8,0.35,0.45,0.574,0.426,0.652,0.348,0.524,0.476,0.529,0.471
25,b,0.4,0.45,0.8,0.7,0.425,0.575,0.362,0.638,0.478,0.522,0.505,0.495
26,a,0.3,0.8,0.45,0.6,0.471,0.529,0.512,0.488,0.535,0.465,0.636,0.364
26,b,0.35,0.3,0.85,0.5,0.408,0.592,0.325,0.675,0.408,0.592,0.458,0.542
27,a,0.8,0.6,0.35,0.35,0.598,0.402,0.667,0.333,0.5,0.5,0.45,0.55
27,b,0.35,0.85,0.6,0.55,0.467,0.533,0.511,0.489,0.489,0.511,0.611,0.389
28,a,0.5,0.85,0.5,0.55,0.509,0.491,0.562,0.438,0.511,0.489,0.581,0.419
28,b,0.75,0.4,0.35,0.3,0.596,0.404,0.639,0.361,0.484,0.516,0.393,0.607
29,a,0.85,0.6,0.4,0.35,0.594,0.406,0.659,0.341,0.487,0.513,0.437,0.563
29,b,0.4,0.8,0.6,0.55,0.475,0.525,0.511,0.489,0.489,0.511,0.588,0.412
30,a,0.8,0.7,0.35,0.35,0.598,0.402,0.682,0.318,0.5,0.5,0.476,0.524
30,b,0.35,0.3,0.85,0.7,0.399,0.601,0.295,0.705,0.464,0.536,0.477,0.523
31,a,0.35,0.8,0.5,0.45,0.486,0.514,0.548,0.452,0.488,0.512,0.611,0.389
31,b,0.75,0.35,0.45,0.3,0.572,0.428,0.595,0.405,0.452,0.548,0.373,0.627
32,a,0.85,0.8,0.3,0.35,0.615,0.385,0.717,0.283,0.512,0.488,0.492,0.508
32,b,0.35,0.4,0.8,0.75,0.408,0.592,0.326,0.674,0.489,0.511,0.509,0.491
33,a,0.3,0.3,0.85,0.8,0.382,0.618,0.267,0.733,0.488,0.512,0.496,0.504
33,b,0.35,0.85,0.45,0.35,0.504,0.496,0.6,0.4,0.475,0.525,0.625,0.375
34,a,0.75,0.8,0.35,0.35,0.591,0.409,0.689,0.311,0.5,0.5,0.512,0.488
34,b,0.3,0.35,0.85,0.8,0.386,0.614,0.283,0.717,0.489,0.511,0.509,0.491
35,a,0.3,0.85,0.4,0.45,0.493,0.507,0.575,0.425,0.513,0.487,0.65,0.35
35,b,0.8,0.4,0.35,0.3,0.603,0.397,0.649,0.351,0.484,0.516,0.382,0.618
36,a,0.75,0.6,0.3,0.3,0.608,0.392,0.692,0.308,0.5,0.5,0.46,0.54
36,b,0.35,0.45,0.85,0.9,0.401,0.599,0.314,0.686,0.51,0.49,0.525,0.475
37,a,0.85,0.65,0.3,0.3,0.621,0.379,0.714,0.286,0.5,0.5,0.45,0.55
37,b,0.3,0.3,0.85,0.9,0.379,0.621,0.255,0.745,0.511,0.489,0.503,0.497
38,a,0.85,0.7,0.35,0.3,0.61,0.39,0.705,0.295,0.487,0.513,0.461,0.539
38,b,0.3,0.35,0.85,0.8,0.386,0.614,0.283,0.717,0.489,0.511,0.509,0.491
39,a,0.3,0.3,0.2,0.95,0.45,0.55,0.343,0.657,0.725,0.275,0.568,0.432
39,b,0.3,0.7,0.9,0.5,0.419,0.581,0.417,0.583,0.416,0.584,0.565,0.435
40,a,0.3,0.8,0.35,0.55,0.491,0.509,0.55,0.45,0.55,0.45,0.649,0.351
40,b,0.3,0.3,0.9,0.75,0.38,0.62,0.267,0.733,0.465,0.535,0.489,0.511
41,a,0.85,0.75,0.35,0.35,0.604,0.396,0.696,0.304,0.5,0.5,0.477,0.523
41,b,0.4,0.35,0.85,0.7,0.413,0.587,0.326,0.674,0.466,0.534,0.478,0.522
42,a,0.85,0.8,0.3,0.3,0.62,0.38,0.733,0.267,0.5,0.5,0.488,0.512
42,b,0.3,0.3,0.85,0.8,0.382,0.618,0.267,0.733,0.488,0.512,0.496,0.504
43,a,0.75,0.6,0.45,0.4,0.565,0.435,0.614,0.386,0.487,0.513,0.46,0.54
43,b,0.3,0.35,0.85,0.8,0.386,0.614,0.283,0.717,0.489,0.511,0.509,0.491
44,a,0.3,0.35,0.85,0.8,0.386,0.614,0.283,0.717,0.489,0.511,0.509,0.491
44,b,0.85,0.65,0.3,0.3,0.621,0.379,0.714,0.286,0.5,0.5,0.45,0.55
45,a,0.85,0.6,0.3,0.3,0.622,0.378,0.707,0.293,0.5,0.5,0.436,0.564
45,b,0.25,0.3,0.9,0.9,0.363,0.637,0.234,0.766,0.5,0.5,0.512,0.488
46,a,0.25,0.8,0.4,0.45,0.479,0.521,0.553,0.447,0.513,0.487,0.659,0.341
46,b,0.85,0.35,0.35,0.3,0.611,0.389,0.649,0.351,0.484,0.516,0.354,0.646
47,a,0.25,0.3,0.85,0.8,0.37,0.63,0.25,0.75,0.488,0.512,0.509,0.491
47,b,0.3,0.85,0.45,0.35,0.493,0.507,0.59,0.41,0.474,0.526,0.642,0.358
48,a,0.7,0.6,0.35,0.4,0.577,0.423,0.634,0.366,0.514,0.486,0.478,0.522
48,b,0.35,0.3,0.85,0.95,0.388,0.612,0.265,0.735,0.521,0.479,0.495,0.505
49,a,0.8,0.55,0.35,0.3,0.603,0.397,0.675,0.325,0.486,0.514,0.431,0.569
49,b,0.35,0.85,0.45,0.35,0.504,0.496,0.6,0.4,0.475,0.525,0.625,0.375
50,a,0.75,0.65,0.45,0.4,0.566,0.434,0.622,0.378,0.488,0.512,0.473,0.527
50,b,0.35,0.4,0.85,0.8,0.401,0.599,0.312,0.688,0.489,0.511,0.508,0.492
51,a,0.85,0.55,0.45,0.4,0.579,0.421,0.622,0.378,0.487,0.513,0.426,0.574
51,b,0.3,0.4,0.85,0.8,0.39,0.61,0.298,0.702,0.489,0.511,0.52,0.48
52,a,0.85,0.6,0.35,0.3,0.61,0.39,0.69,0.31,0.486,0.514,0.434,0.566
52,b,0.3,0.35,0.85,0.8,0.386,0.614,0.283,0.717,0.489,0.511,0.509,0.491
53,a,0.8,0.75,0.35,0.35,0.598,0.402,0.689,0.311,0.5,0.5,0.488,0.512
53,b,0.3,0.35,0.85,0.8,0.386,0.614,0.283,0.717,0.489,0.511,0.509,0.491
54,a,0.3,0.8,0.4,0.5,0.487,0.513,0.55,0.45,0.525,0.475,0.641,0.359
54,b,0.35,0.4,0.85,0.6,0.41,0.59,0.341,0.659,0.441,0.559,0.495,0.505
55,a,0.85,0.8,0.3,0.3,0.62,0.38,0.733,0.267,0.5,0.5,0.488,0.512
55,b,0.35,0.35,0.85,0.75,0.4,0.6,0.304,0.696,0.477,0.523,0.493,0.507
56,a,0.85,0.8,0.35,0.35,0.604,0.396,0.702,0.298,0.5,0.5,0.489,0.511
56,b,0.35,0.3,0.85,0.8,0.394,0.606,0.283,0.717,0.489,0.511,0.484,0.516
57,a,0.75,0.55,0.55,0.4,0.546,0.454,0.578,0.422,0.463,0.537,0.443,0.557
57,b,0.35,0.8,0.6,0.45,0.471,0.529,0.523,0.477,0.465,0.535,0.599,0.401
58,a,0.85,0.65,0.3,0.25,0.627,0.373,0.732,0.268,0.486,0.514,0.446,0.554
58,b,0.25,0.35,0.9,0.85,0.369,0.631,0.255,0.745,0.489,0.511,0.52,0.48
59,a,0.85,0.7,0.3,0.25,0.626,0.374,0.738,0.262,0.486,0.514,0.459,0.541
59,b,0.3,0.35,0.85,0.8,0.386,0.614,0.283,0.717,0.489,0.511,0.509,0.491
60,a,0.3,0.35,0.85,0.8,0.386,0.614,0.283,0.717,0.489,0.511,0.509,0.491
60,b,0.35,0.8,0.4,0.35,0.511,0.489,0.605,0.395,0.487,0.513,0.622,0.378
61,a,0.3,0.35,0.85,0.8,0.386,0.614,0.283,0.717,0.489,0.511,0.509,0.491
61,b,0.35,0.8,0.45,0.35,0.502,0.498,0.59,0.41,0.474,0.526,0.615,0.385
62,a,0.85,0.65,0.3,0.25,0.627,0.373,0.732,0.268,0.486,0.514,0.446,0.554
62,b,0.3,0.35,0.9,0.85,0.381,0.619,0.271,0.729,0.489,0.511,0.508,0.492
63,a,0.85,0.8,0.35,0.35,0.604,0.396,0.702,0.298,0.5,0.5,0.489,0.511
63,b,0.35,0.35,0.85,0.75,0.4,0.6,0.304,0.696,0.477,0.523,0.493,0.507
64,a,0.75,0.6,0.45,0.4,0.565,0.435,0.614,0.386,0.487,0.513,0.46,0.54
64,b,0.35,0.85,0.55,0.45,0.481,0.519,0.545,0.455,0.477,0.523,0.615,0.385
65,a,0.8,0.55,0.35,0.3,0.603,0.397,0.675,0.325,0.486,0.514,0.431,0.569
65,b,0.3,0.35,0.9,0.85,0.381,0.619,0.271,0.729,0.489,0.511,0.508,0.492
66,a,0.8,0.7,0.4,0.35,0.588,0.412,0.667,0.333,0.488,0.512,0.473,0.527
66,b,0.3,0.35,0.85,0.8,0.386,0.614,0.283,0.717,0.489,0.511,0.509,0.491
67,a,0.85,0.7,0.35,0.35,0.604,0.396,0.689,0.311,0.5,0.5,0.465,0.535
67,b,0.3,0.3,0.9,0.85,0.377,0.623,0.255,0.745,0.489,0.511,0.497,0.503
68,a,0.85,0.75,0.3,0.25,0.626,0.374,0.744,0.256,0.487,0.513,0.472,0.528
68,b,0.25,0.3,0.9,0.85,0.365,0.635,0.239,0.761,0.489,0.511,0.509,0.491
69,a,0.85,0.7,0.35,0.35,0.604,0.396,0.689,0.311,0.5,0.5,0.465,0.535
69,b,0.3,0.35,0.85,0.8,0.386,0.614,0.283,0.717,0.489,0.511,0.509,0.491
70,a,0.8,0.65,0.4,0.35,0.587,0.413,0.659,0.341,0.487,0.513,0.461,0.539
70,b,0.3,0.35,0.85,0.8,0.386,0.614,0.283,0.717,0.489,0.511,0.509,0.491
